price,views per hour,link,condition,shipping,import charges,sale type,model,capacity,color
365.3874,84,https://www.ebay.ca/itm/284037586794?epid=23024045643&_trkparms=ispr%3D1&hash=item4221f59f6a:g:7asAAOSwsOBfuV24&amdata=enc%3AAQAGAAACgPYe5NmHp%252B2JMhMi7yxGiTJkPrKr5t53CooMSQt2orsSwcmzw5CLtzTE60FqHcnq2NdGL53I5OJKoQMA15kIsuzHSxOcM%252Ffeq0sVhWO4iITFL7%252BJQVves2ckD4jr7dbFc1pe9V5%252BedgxCaGAuzEpV%252FKGo7Q7kH5NZFVinlBnAr9vmuxbPlBbGCpX69RVWgFokuNcs9ZXgBxlgYQlmMb8%252Bgj56ukOHV%252Byh2txBGycbR4w2zc%252FpS2ovqfIO3I2USuARq28W%252B3bMwwwuNPoGmOw49%252BLgcudVbY%252BUC5ObByOBR%252BcIm0Eu7Dd9S5zOxIrCxiWbm3TmBVow3vcl85lsvpHGDkhdvEf%252FJMxQ59vH7y5ng6YozKBOPd9RQ80r8wgEpqlIFdXpiBs44oYy58StwxQW47IUWsWX%252BT%252FcXO%252FdRDvwqLqUIYvu3X4wr0lXFsfdBTyzM%252BjONKg948bxZRaJuzSLC7yFPN3OcAidy9KYeTVxPL%252Bgmesz2UOMT2vFr1kZCN0C0kaxNdwpykKQtS6JbOeycTZdaZ8zMUoL2TxbLmMDYwp5vn2T8JNuIwHN2evF0yU1VAUWH0kPTFRY3bfKTcbkmJKuOsDb5WG8YvyHCkJqtHkuTK517N7MsOANNcs3ZSn2pvYmUsn0wRulLAKeS%252FNoP7hgOl3AN46g9OH5lTk%252Bj07zPQHIx2qA47vIOGEpkCh%252BcA9RPZGiVXTjoYw3fI%252BohbgtVGKI6WrEQQTYxXSYdZ5nY%252F01CCp1zQDdtxZys26Kh2DwtumAzW4n6lUiX6epuFPb%252BN1qnwtNX0DvIn8dLhdQ8BwgOEv75BAbTw1pcc0MR27CNPfwcAuVRsO1xG4DqI%253D%7Campid%3APL_CLK%7Cclp%3A2334524,2,20.399400000000004,54.570600000000006,1,16,64,
365.37480000000005,23,https://www.ebay.ca/itm/114637870312?epid=23024045643&_trkparms=ispr%3D1&hash=item1ab0f314e8:g:GYoAAOSwgsRgBhdv&amdata=enc%3AAQAGAAACgPYe5NmHp%252B2JMhMi7yxGiTJkPrKr5t53CooMSQt2orsSR84A%252FGMxXIqJzFmDq6lDLjKoWRuRdM4t7Bi67rhxgKVdpEw6uhLLmNt8g2BaemvtND6YcOHLgdd%252BwdByDTzvt4qMel%252BEcdG5MN4or5b%252BXnmJSqEoyCrng%252BFa2mgcprs5Wd7OjE0Ld9%252BpWtVXbqlQ7aPJlHB6cLBKFiZOtCIui2wGO7YYD3aCYB8U2WqPNOcBN4JTPJ72HHnVDYdT%252BwXvC5p8zdPhd%252BnHpFmu5%252FfINxznxmihpc7edFCl%252BWoh%252FqgGw4gPAsH8fl3%252FsRFTmWGbU0p%252BtXTS0Ulz8c5bWwMzg71S%252B8w66mxMg3wWK9iYuHmLAIBVZwoTSIjfbe9Z7sUfOf0GTZddRNui9HMv2OJIEr5DYf3KVygUvRr1kiY71igq%252FhWSDWyEgO%252ByqdGN0MM5Zur6z7vvBO%252BpHNdNljekI73ApyY4T%252F4btFYQzxn1OaYngInYBRK%252Bw9zx378R7LbX5u7D3W9oFUtQPBy2LSiNkLyk6CJChfu8ZsEk%252FzsztORJjEYmjjIzHIiw1P18miUWXpRueRsWq%252BUJUJxQLv7y%252FStzTL230LKYnL6lHfWf80lenPRF318rRrcCb02wL6boyY0vu0gfl%252B1JAIlfkOp826OC5%252FCV1XGhpmOeAZJaNKvF4vr9lhGF5W1ZD8PqMBe8Z6XcxcxGj%252BqRsKNxfdjV7xgE9oK4IbVW5%252BJd%252BiXtd%252FSw0X8CeNIOFJ6d4QiWTt8nAgIVWDZ7VFWkn2ckyc64JeT8YkNrRWhzKjHXXXsHiToIAF36uUoQftB6yqScGyKnBxi8Uqvqze%252BOSF3yivsGDw4%253D%7Campid%3APL_CLK%7Cclp%3A2334524,2,19.4418,54.570600000000006,1,16,64,Gray
284.99,152,https://www.ebay.ca/itm/283794385612?epid=239099257&_trkparms=ispr%3D1&hash=item421376aacc:g:wLgAAOSwnhFeXRHI&amdata=enc%3AAQAGAAACgPYe5NmHp%252B2JMhMi7yxGiTJkPrKr5t53CooMSQt2orsSwcmzw5CLtzTE60FqHcnq2NvgM%252F4ndOwJEamBTjYWM9%252FYjwiPapCqYVvO0j6iQrphq6dUZj7G7LyA93m74iVYXJR0udmyVDrD5TOu0jhcS0VoAdLmU7yRzCShZc8AmApLIjcAQ%252FmgE9JZouzTFUAzmdigBbard%252Fpj10W6ew%252FvYum4TD0z1wcBFGJpqRMLKC4nxUG8mFpTakeOa0u5pm9LUo%252FsnmH%252BDF5xVQDS%252F2IqyYPk8JYj23CZ64iMisozNkzWRFbTIUIwstNIXcRR6Q7BWSnRvEP4D5OepwyZ1JqYNORCgw0jS%252FKJ4E%252FMFFnLGA33phavKIHvXo%252FjagovL6pJAKz9Ps2XH6CtEOszUvjO5kVrZov3K4RFeRhIMLpVr8NcEW%252B%252BLhTtU59MqDsejH9YtsuaglPNXQf%252Fw9fYbJarTD8pYCgt8qafzPadUV2THnYxchr5LJAPSB8LNDYG4leTSnhNZWb8uKK3LA94BIh2XKOcJcL0dEJWyixlKh6wg4tDjrLn1UnHJgeuHNZ41qzZHYrQxbe%252BK7wve%252FYbd%252BWK9wism%252BtMykmE1r%252BZe0RRqC54loijblcaBJjNnZiR95x6vSBRoxP2ciNQ%252B5pU3P5HbBqxt6u0wMdU5V%252BYLPZLeXSCL7pBSOZgZc%252FAudytBLOzhkQDe4u1vDM5iy%252Fef5%252Bm8LQex2MQpcnpvqAtSFFI3RZmAB2%252FwQw9MC7FN8hmgeL8Zrg467Dp0vVgcOo6WC02ijtxb81Yp0PUB2fdCrvaHi8XImYzcI373Qh2%252BNeKxFjPV7NjD4JvFLToabaUtCXSGwY%253D%7Campid%3APL_CLK%7Cclp%3A2334524,2,0.0,0.0,1,14,64,Black / Gold / Silver / Red
214.17479999999998,45,https://www.ebay.ca/itm/143966345913?epid=19034802015&_trkparms=ispr%3D1&hash=item2185101ab9:g:LLkAAOSwpUlgEbZo&amdata=enc%3AAQAGAAACgPYe5NmHp%252B2JMhMi7yxGiTJkPrKr5t53CooMSQt2orsS9d9gBrkNbRQtRn8MVXnYkvHeXUzCDny1U1szbz1nS7IPtBkiEacrprjGRIFvj5jaRUJwD83LErpdTpkhIDruJXR2wNLhAZbT3ubt3Zu9tZoLkBehxDUoQeDsp8RCOEQGRfq8sTjJ%252BR4y2C48gpZ3lvUDOLc90GCAYIgVg8zkQA8SnBPbz23lt%252Fyq0NbjL5dupaHs5XnHxdHAZxezgPDzNhu8KL4CEETGKoJX6wVKlfB9gP69jUZIOYy6di0jmVvSEvtE1LIMFaLOpdA98dqXtW69hBpRNypmD5SQlWKZSFKFX3I4FHHjbMwRtD24Itcjh0EKserC%252Bx2zgQKv%252BwMF20yfzs5PstDyzQOvKf0inZ7sfSUDTIxC4sq5N0Zr0%252B0i1BrJmvM%252B%252Fww55%252BSvoDS0WTtOFDzeJqTu3TNer53EuIF1qLGDhn7079eTCygKyCQYCMLYHFw5F%252FWbS0C2kNnl7gKDmbASWE3ninymPSss35ILs1hvQImfD3kjQZrgmTlcIswfPqNJOZNNAiy9CHCvnb1Dk%252BkePAMub7oj4B14eFGwewtiQ4MlwcQ4ddnMLvx6YYgbukwxMe2AWp0zoA9VCNl1kIYnR20QPHJpdJKqkxuKuC6FZUkUxP%252FC%252BdDM97tqtreqm3nW3JFaIsjrL%252F6t4pUPFLQPoFaQeCP%252FNlQtaKGtBG3TbcwPvC6O%252Fe6HwQnamjSCm%252BBCiza5M0r%252BuPhP%252BC0MLrQtzHUiI0NStL42Vhie7xYqeWalNgLTweSEwYYdzKIzKjQtO0ghXIuFZcC3lHJkOQ1VoFwiJt5oY4UkVU4%253D%7Campid%3APL_CLK%7Cclp%3A2334524,1,16.5564,33.9948,1,14,64,See color
175.0,-1,https://www.ebay.ca/itm/265249051197?epid=239054200&hash=item3dc213523d:g:Xh8AAOSw96ZhBezB,1,0.0,0.0,0,14,64,Gold
214.137,1,https://www.ebay.ca/itm/162992514349?_trkparms=ispr%3D1&hash=item25f31c652d:g:ruwAAOSwbgNgRsJP&amdata=enc%3AAQAGAAACgPYe5NmHp%252B2JMhMi7yxGiTJkPrKr5t53CooMSQt2orsSLY2M1Gjmuwt9c03vWNfiRlpK3uH9zGXrHvJuQZzCa45A2OxfbXicGEmj1sRKZz85pnvwgyq2B6%252Fy36yAkqhtdiPlydAwHbeLusH3bu%252BmoUmIaf41JnVKwQxY9osbITD47OHhC%252Bq0VddC0UhbbZGYoHguX703zz86PTB9lNLdZHStdU0NZnUHz9skZTAOKd9wHQSEXInBamfjwshvXJkMGo0d4wuL0z2PP9PEEPyKR6QiqVVFH6sHIJH4cWVF%252FXL9wVQtuPaOQSinGK0zlSUmzUfjutGjDqDr7hN6bfcVG2PCKt7cFhA4LhBWULjM9t1eiNr93OlNppoAa9J2MiCaohJrE9hK8PI4hhqYSa5ynQStaYpfD1LyqsyIH13TlO7yG6GttP1XF0Fb5xD59P6q5T1jj6XtM4aBZMQuD6hQoiqxaxWuPLAVasewg5j8hXF5S5SFnhJR6xJzOXr0K0HdZ1p%252Fyqf6abtvUZEJMVGZBXs8HTW0Nb1tVBdCWd4xdVgh2HD9iHA213auIM982lm06Lk0x1VPusz2Hrni3AmvumDavEig17UtH2SwGxBJjYE8T7noLQVT0ANKbLqA5pnd6aNciLXBcLAQP1xqkuerNkNSVbFvkLNKmx5bnNYWntxk7z0xmIihhoEpUrcNGaG4qQXc2JtFrRa1hb%252FSPxTYWt0sIvxhgGk6RsDZb5B07tzQbswc%252Byr%252Fq7UoqQ53BtdtriHNGEn59gjzs%252BhSOqsMK4uNIRkT0qlm63e%252Fj4Ofrv0floQrK58O9DXl6HZ8ozAuSLtN9fkrMJ22zhB%252Bja1Byb0%253D%7Campid%3APL_CLK%7Cclp%3A2334524,2,25.187399999999997,0.0,1,14,0,
198.135,7,https://www.ebay.ca/itm/334063641912?epid=19034802015&hash=item4dc7bea538:g:8bUAAOSwTl1g30yS,1,17.1108,0.0,1,14,64,Space Gray
220.4874,78,https://www.ebay.ca/itm/114749370742?epid=14034747868&hash=item1ab7987176:g:n2EAAOSwq7RgZesb,2,27.72,0.0,1,14,64,Black
196.0,-1,https://www.ebay.ca/itm/353600409572?epid=239099257&hash=item52543a0fe4:g:8PQAAOSwL7lg~ysX,1,0.0,0.0,0,14,64,Gray
188.9874,8,https://www.ebay.ca/itm/264737671641?epid=10038899404&hash=item3da39849d9:g:bX4AAOSw~7FfQAaZ,1,16.065,30.555,1,14,0,
143.0,19,https://www.ebay.ca/itm/165004735487?epid=245294438&hash=item266b0c73ff:g:rpYAAOSwU05hDXqj,1,0.0,0.0,0,14,64,Red
314.937,1,https://www.ebay.ca/itm/163466112708?epid=239068334&hash=item260f56eec4:g:wpEAAOSwH9JfocHX,2,25.187399999999997,0.0,1,16,0,
161.0,-1,https://www.ebay.ca/itm/294316462562?epid=240445896&hash=item4486a0d1e2:g:r94AAOSwHd5hDFDu,1,30.0,0.0,0,16,64,Gold
219.24,4,https://www.ebay.ca/itm/304077028517?epid=2307189791&_trkparms=ispr%3D1&hash=item46cc673ca5:g:TdQAAOSwGuNhCFfs&amdata=enc%3AAQAGAAACgPYe5NmHp%252B2JMhMi7yxGiTJkPrKr5t53CooMSQt2orsSzaVbXtmGxqmWnpn8RLN2q1W3l4oDQ5%252FFr6b8av6H6R4ZiLovnfXEClpi9HnFMrHSdGmIwlc4yoo%252FRkRKgYQjUioeIo6yOSjuq%252FcMmxUAF6%252FvZNEpVgNHpWG%252BS3tsqetaU7ww4Pz3HCwQcYAsprzcfGgo%252BPz5iuEu6HmjPrJATkzCoPRPQdW49eRSvv%252BrGaLFbksYloFgTvYq6VtrxecakbHa%252FDdDcYPd1LN6a0B4xAyj8Xz6TnR8cv%252FZ%252BV8RFBUdWPIr1xhwr9mEGVLNesZp%252BQXEU359GDubaK4j3QxWXP8%252BPGVjhJ7bIqvomCJnGgGLVNNCH9qQs5SkMOGQAMKvnrtDd8vcaRb3UMpMCRmlfV1wn3Nv4HWhzNqqqwaPNnd98OI21OBgGPA4e5Dw4carONZ2koYvQT78fEnaPCIWhgWiTxeek34mp6nN%252FE%252FPWPr%252BvgvBJ7Ox3yAd6Js8%252F5Ib3XPjJgDTAXTCSKgiqKFECOzes1HpVrAFqVzvYUcqrUsGcy0ZAeAw12D%252F7xuy1gK1u4SH5vlVOvggSoNjbOXC1BDLQwTqLNBCkpjPAGwCJ4UBZmHjlJpYrDc9UGwInRpoFc%252FUWnXhe4byrKCHzIJe%252FpDOIRiH3ruXWIY0r6h07QlQeuiZDH7M02o50%252B5dPS%252BV0G1ITl69HtSnlslnfL%252B0I%252B0O3TC07bW5NTxsQ6TIBJr5ZVYY8q2nzwJK2nUMP4pbgEc0G9HNhu8%252F5ktGkVBKru1aF3I1swN1BQ7LoAPjCaicSYhEr1aeRz4rrX6041J5Dw0sp3nwXc9yLFQAJvrH02w%253D%7Campid%3APL_CLK%7Cclp%3A2334524,2,16.6446,34.6752,1,14,80,"Gold, Space Gray, (PRODUCT)RED, Silver"
250.74,2,https://www.ebay.ca/itm/294291252615?epid=5035040580&_trkparms=ispr%3D1&hash=item4485202587:g:fOYAAOSwhuJhCFf4&amdata=enc%3AAQAGAAACgPYe5NmHp%252B2JMhMi7yxGiTJkPrKr5t53CooMSQt2orsS%252Fwocn770hnih0B3mVHNZ5CCKrCL9UbZ%252FM%252FZPM4QvqUsUE3qGwKYsJxBI7BVNT0WRI4AOjoM0PBGOwONUbsYNQW9IOrcmCktj7RjENQC4CXVj%252FZ1pVmVEAf%252BlEUfHTbaN6NA17TRl1YhXGeUkx8C6jZoJMdi3BYBM7dmNUbBoj423OhJYpq73iwOaBtsA5cCpg%252BTrPxicoe7ehwTgxkZdsIl0swrp0Zf88%252FL8%252By0CgHnc2KU272vSJUC8%252F7wstcGJDsRnWKdBvdfckAAfSuP9M%252BPq3Gs3LydxQjpJzRvVgp6uylu5MBHrgpIM2wbGDmf0VLmc%252FJdTJDRxuCJPTFsWXUcOPKowHckt%252Ftfy2tmYnLl1G56Ot9qvI2kc4DswKqL0bX5RcIPm%252FCCLruJNTyqO106KR%252B3S0WuYy0hrVi9EZfE%252FNFxccYuu9z0MI4vGQN%252Fk6WuAmuKArxxGQocwExcBHgqGAzgicQW%252FT0HRqNzo0QlhWw4Lac%252BzjRg87CuP1UYudJu9LIb%252F%252FsQyQVy9pI%252BEVXOYHIvRnyutgzeEjws86kj4FBBIYKcjguj%252B959vfv5bnJ3vzPBpuB9t4M5gi56Sje3P9OL0p6hVYmzzyzn4%252B8zkPwFYmsyEpRIj%252FchWQIVct42tPVNhcfh%252B4FTm3IerDXMsQfCAMaACw2OMyFxqXAKqyOW6GgXQwMeXHz92j055L5LnHMURND2nH8mKv2ShUw%252FlwbnuWbUd4furxi554RmrJvPf4XZjleFFwANnD9rAC%252Bvr0wkCTJW1kifemjcDuFmfJ79j1ki1iJ4P%252B%252Bu5bLU%253D%7Campid%3APL_CLK%7Cclp%3A2334524,2,17.249399999999998,38.9592,1,14,80,"Gold, Space Gray, (PRODUCT)RED, Silver"
219.24,92,https://www.ebay.ca/itm/294291253283?epid=2307189791&_trkparms=ispr%3D1&hash=item4485202823:g:U5YAAOSwNVZhCFgW&amdata=enc%3AAQAGAAACgPYe5NmHp%252B2JMhMi7yxGiTJkPrKr5t53CooMSQt2orsS%252Fwocn770hnih0B3mVHNZ5MvLWRB5JPIkHTcJidnBWXP%252F6rS9f%252BEexY42qLzSt65RRge7O5R3ZBK4pAx9XIi05VFtnS6wQNvuJ71Yq44z7zWRjp20%252Bfzm0dGTHpBNBiXArH%252BPSWmRoGb5yqAWkj4EXzoGzlZ0HivN5BagJcf6i6J%252BuTqgCsZqDiMa16GX92EPeG1ciW2EJM3BRd0AvNH6of1Bix5%252FDySQCejfPFLYRJmr5JQlEShj5TGp3CukqnENkHRYBLSKAWHyoPpP%252BckpRfcpLpRw48TOwy%252FtcV3W0fHUdbJlD0Fc8MvFip0HP1sjR6IW%252Biqt9FSD1DqOzegMzKaFQodOu07vdFSzrBp6mxjRi2EmwtvxHYmFHWlfb1y1moF6McPZ3yBfud0p026MNSXhYDR6KepNDdwoSNNDkrTXD6WzoKnIgx0B9Wf%252F4DbyxQn%252FLAaaDj6lvpMSEEc4PO4nQgAvl7tiFSiyDqPNFudYajdGEJyNL74Sf8AcaEItGqrhGxXkyWfbslMe61KjDHkCwlZjPQwax%252BAY8jRXTKpVR4KVTRAGpZc2kn5NV1xON8tqNq%252BGUQFXXUL857D%252FZy3fk2CJqXuYZc4j5Jz2QSpMgrnHlEwO1s4FsaQz4qGEDH3Tz4wFHM2iHj6dbVrWaE768qVoJR4Yiz%252BAOnjdJG9HfzbOahv%252F3jZodudDK2nN6UnEfeMmyo2r94c5Ry2O%252FyXC9BHODNNe8NxAzwb9aVfvhTj23%252FUhJVk94%252F91weVdQcC%252F%252FVl3gCskhyhl6617yHbuQAnCUujIFZbQnNoW%252B74%253D%7Campid%3APL_CLK%7Cclp%3A2334524,2,16.6446,34.6752,1,14,80,"Gold, Space Gray, (PRODUCT)RED, Silver"
270.8748,12,https://www.ebay.ca/itm/401967298431?epid=239165058&_trkparms=ispr%3D1&hash=item5d971e377f:g:YVEAAOSw-mVd1sfc&amdata=enc%3AAQAGAAACgPYe5NmHp%252B2JMhMi7yxGiTJkPrKr5t53CooMSQt2orsS%252BMKizvpuEDUfX4dvRWfUzTxL4vlZj5Q%252B%252FRZEIGxQ4s7o%252BAcbezJy7WOfSAO6YxH6UKg4dGPGQf6bHb1RbCIiqNkTZNvXXYroOmPdtVVJ2W1hyxOG7G94Swa5xrMcUh%252Bhiy2P%252FCn6eizb1QD%252FkCMfiWdEZj8rURtsibRYKeYrjmDy5Y732S5wUij44XFcixqVurOJTW2Q1r9t42CUpnUM3J4k7l%252BY6pK%252FK%252Fyz3JLxkzRQ%252FxIjxfXljS2S3MscZ1KRcpIw7VqbDCHJ8x1KflNoAcy8MA0MbF2xGjx3zb2rlj099o7PabOnZAQwk5yrG2wjTdYQgmjx6ti36WS4m8s%252B%252BjttB3ou9rQ%252FKusHJ%252FhGwuLtcvTxRMCZzxXH4dMcr1yB6vcv3yOFMtWdWiA3caTHKv04b0WhOPp%252FZnyItKiF7NSHbNTTucYwZf0Ti6HF%252Fi3vp3ompFG0irrB5tKQehTDwmsr6OK0Us45XaE46VjXNaBz9J8aMEn35L8CPQWeDIV1huXGIruDvgjIQJR55VSNIqdHi92kD9OjqrCWtKr6xUn8Ilr4hxMLbDX5adcfIelvoUAW7Akg92Oou61US2GUcwbuyBlqsMWBSSU92Otm95AyzyciXG6dEw47J8muxh8MN9mUwntT%252Bjsiu3AqXIHHNHb%252B1hEkcu9yVZ%252F%252BNXY8oyFs8a8b9Eh0EAk0BP5oPYNyBoTp95KzYiVnmqzLTW6%252BYKHzERrXRA3vcufqROSYkxoxRR9Y3m%252BD5gSWFAcgwZHxfHdHr%252F3jXteo4UXmUHIY94amZCGlrNWf0pnsUpfm9vU%253D%7Campid%3APL_CLK%7Cclp%3A2334524,2,15.3468,25.4142,1,14,64,"Space Gray, Gold, Silver, Red"
250.0,1,https://www.ebay.ca/itm/203489934951?epid=240464787&hash=item2f60f1fe67:g:BjMAAOSwX3ZcUyF1,1,15.0,0.0,1,16,0,
308.6748,36,https://www.ebay.ca/itm/401967244862?epid=12033855342&_trkparms=ispr%3D1&hash=item5d971d663e:g:vfwAAOSwKdNd1Gvr&amdata=enc%3AAQAGAAACgPYe5NmHp%252B2JMhMi7yxGiTJkPrKr5t53CooMSQt2orsS%252BMKizvpuEDUfX4dvRWfUzd2%252FLBxIGSIRG45%252Fzyi%252F3n4N1Xxw%252F%252Bw8GueGTSwZJ4VPIGNe8He%252F07ciKa6hx%252B7qNljr0LVUKMsjCsPlib%252FPbA3lXd5%252F6LJHNU4qQDIMamolxp6JL2FHRRoiFiPQIOFTyKsl5Hpm6LLHwEyVTg%252B90XwHuJw1Nl%252F3kMKo18hLFmtgwTJIvavBRsWOCYwCXSYfWyQBQz%252BNfClEOeIlY%252Bxr6Hn%252BeJHOPMW8T5dDCY%252BHlkqpyXvSFJJOntLOTQg1atmS7qoezN9b%252BKwgdbLDnR%252FCQZES3EGM%252F4r4cOphT6CRwGPN0DmixvNgqGqr%252B%252F6Wy1zIgMLbP%252FWyRDVJKMHr0iHBejfn0gWjJt7M8qjuR79%252Fc6ebmE0atQSq1osujc8HvxKzGtgCKkyyPLY2djkqJbWkWCWSFLliChyfCNeM0xc0W0xY%252FhTIKSdmMPEKtupkih5DrOWqH47o7rJtUI13K9XMm4tJLv2BX%252BGnTdoBZjgGwieqAx3AcGYISHf03WwjXT50W8OwywNoxWM1oLvxapQYCEatf4rMoHRr26jfOV4%252BxH7rZn%252FxOQAkVswKmu7M8JdCmvA36aJmSTVLI0z8tBU31xoaXM3Kz9%252FecQZBQrXxNYlL7kH7m99sRy88MujbjeokxnGGkMzeCJtEigY8BXRYSqvW%252B6Z7gHoAnpeJOvdsaAORCWWWmdhC0FOpWgmRLt103A0NZLKppaxOuCEDUIh4elN3paG5gtA0WBX1jNND%252BR0JB0SCzhMQ21g59MRQtnDHOCBuvEOD1CN0DG%252BrmWGn5v4%253D%7Campid%3APL_CLK%7Cclp%3A2334524,2,16.631999999999998,43.4196,1,16,0,"Space Grey, Silver, Gold, Red"
307.0,1,https://www.ebay.ca/itm/133808543444?epid=239092845&hash=item1f279c56d4:g:4wsAAOSwzDxfqYHZ,1,0.0,0.0,1,16,64,Gray
222.0,1,https://www.ebay.ca/itm/133797887159?epid=239099257&hash=item1f26f9bcb7:g:pjAAAOSwOCdfV-Nf,1,0.0,0.0,1,14,64,Gray
185.0,1,https://www.ebay.ca/itm/124831744987?epid=239099257&hash=item1d108d43db:g:LmEAAOSw8fNhBCha,1,10.0,0.0,1,14,64,Gray
327.5874,14,https://www.ebay.ca/itm/153066519117?epid=241957484&hash=item23a379ba4d:g:7yMAAOSwx~dfX5PH,3,62.9874,0.0,1,14,64,"Gold, Silver, Space Grey, Red"
209.0,-1,https://www.ebay.ca/itm/203080754691?epid=239054200&hash=item2f488e6603:g:l6kAAOSws8RdAjkW,1,15.0,0.0,1,14,0,
127.5,-1,https://www.ebay.ca/itm/224556711965?epid=239099257&hash=item34489f801d:g:epAAAOSwobpgHhSg,1,19.99,0.0,0,-1,64,Gray
330.12,54,https://www.ebay.ca/itm/372901995611?epid=240464787&hash=item56d2b0e45b:g:DlAAAOSwNM1f0o5k,1,18.761400000000002,49.77,1,-1,0,
200.34,3,https://www.ebay.ca/itm/294291252322?epid=239099257&hash=item4485202462:g:XKsAAOSwZ-lhCFep,2,16.2918,32.0922,1,14,80,"Gold, Space Gray, (PRODUCT)RED, Silver"
375.48,19,https://www.ebay.ca/itm/194275877913?epid=20032643557&hash=item2d3bbea419:g:Kv8AAOSw1zphDZvB,1,18.837,43.4322,0,16,64,Gold
478.7874,24,https://www.ebay.ca/itm/163619011037?epid=23024045643&hash=item261873f9dd:g:PUsAAOSwP2VfX5gn,3,69.3,0.0,1,16,25,"Gold, Silver, Space Grey, Red"
305.0,-1,https://www.ebay.ca/itm/224556026322?epid=239160903&hash=item34489509d2:g:Ti4AAOSwyghhB0zt,1,17.0,0.0,0,16,64,Gold
249.99,10,https://www.ebay.ca/itm/273670670384?epid=240377032&hash=item3fb80b0830:g:h14AAOSw1T1b9UL4,2,0.0,0.0,1,14,0,
188.9874,13,https://www.ebay.ca/itm/265253773129?epid=239093015&hash=item3dc25b5f49:g:FcMAAOSwFchhC2iu,1,16.065,30.555,1,21,64,Space Gray
307.0,2,https://www.ebay.ca/itm/133808543433?epid=239160903&hash=item1f279c56c9:g:oV0AAOSwocxgAFr0,1,0.0,0.0,1,16,64,Gold
119.7,-1,https://www.ebay.ca/itm/255079656894?hash=item3b63eeadbe:g:CUgAAOSwdCphDFz9,1,21.42,0.0,0,16,64,Gray
365.4,13,https://www.ebay.ca/itm/403049782141?epid=7015801554&hash=item5dd7a39b7d:g:jrIAAOSwzR9hDYrw,2,0.0,0.0,0,16,64,Gray
301.14,7,https://www.ebay.ca/itm/304077027366?epid=8037136858&hash=item46cc673826:g:CpQAAOSwg1lhCFak,2,18.207,45.8136,1,16,80,"Gold, Space Gray, (PRODUCT)RED, Silver"
214.137,-1,https://www.ebay.ca/itm/164711232875?hash=item26598df56b:g:7swAAOSwsKxfocFD,2,25.187399999999997,0.0,1,14,64,
441.0,31,https://www.ebay.ca/itm/114925155978?epid=18041517477&hash=item1ac212b68a:g:YqkAAOSw1zphC1in,1,40.509,0.0,0,16,25,Pink
239.3748,24,https://www.ebay.ca/itm/114637806356?epid=19024739548&_trkparms=ispr%3D1&hash=item1ab0f21b14:g:oeQAAOSwwQ1gBgVY&amdata=enc%3AAQAGAAACgPYe5NmHp%252B2JMhMi7yxGiTJkPrKr5t53CooMSQt2orsSR84A%252FGMxXIqJzFmDq6lDLjrZjhymzLWtZa%252BE9mMDjEsPmxcaIItrqqn6NymbdcMgXZumI03DOSR730ikqypKZdEr6B8jYefhcJu9o5zxgUvbSghW3%252BWEneNC9dulYWoR%252BEg3l%252BvsNMYlxiRJX60fNj1izHbqZtGiw2MfT2Jb0S1iPaBQNpgZCJKVsjuVwrsEQNRoyjtYE0LLmQa29shipu8Uv0nYAEpYd8L0sv81pLEMxbNPXlPB0M35Jncf5agkk7i6zAYnfH9I%252Byok96TxYU07sKlsvBz9yowhGL8krTenV2%252FLRqLpP7TBfTC0Gwyos%252FosDyPYcjQaaEtIbPQ4PkCm8ADEDWZMNSqSfBxUDrIGTnrUaiD2ezmkhT7cPFaRYFz9qWa6AnzbtfWTbxpWzX6qWn7XqpB5%252BGHpWsBKhgqmHM0Zd03koIwLZoR9p3vJ0IRPRT%252BqIv%252Bc8PmCO0NJ7l6o7fDHjBMIOODHlKiptiWRUOtpQYMrpmKnPHWj5%252Br4WEL5YUbybn1uXU8%252BBP6Nrc9NWBZU5RBIs68jdlVJZf%252BfvaZewR7I6BbjWGoollo2mpvvUNUnu0tb6lWIil%252FWFiayVx8IHbB0g4Kf9JZoWxCowGPVm9itNb%252BY9Z9aD2gWbbjCxz7SxoHqXDol93i63ci3JTjD5FajSzsM%252FGMhH9Lxnzdxb73iWMYaLrKjEznxsc%252BQw8yC6ZShUNmMn%252FfOHcbaWHIRQgK5UkMpVa8A1rERtuKIK8p4joGQi9B3zIVkscOyVM91EcQspdcIN0JOPY0Q6bp7e10sx5bO%252Bwz1ZUE%253D%7Campid%3APL_CLK%7Cclp%3A2334524,2,100.8,0.0,1,14,64,Black
301.14,244,https://www.ebay.ca/itm/163917916074?epid=20032643557&_trkparms=ispr%3D1&hash=item262a44e7aa:g:RjQAAOSwdb5dsmzR&amdata=enc%3AAQAGAAACgPYe5NmHp%252B2JMhMi7yxGiTJkPrKr5t53CooMSQt2orsSLY2M1Gjmuwt9c03vWNfiRr6XK2giFPbKmnXyQgRrqxofOQAX1573N1yjiUAiHzY5agbF%252Fgxe%252FB81iCLX1TWvU50ewdKpIJWjw70TQYdNG7%252FpbztakcmB2NqrKA724RmTBzhmJp%252FCrOIeQkBIrT2PbZLSbF0oyEjl%252BglmU1xHE6yo6KATHeZ%252FW82P5yJoSToy3Yy%252F39GXj%252BYSD8Bu4PwFNkI%252BII4jiobTM58hKYJUHROa8dYZQatT%252FHKyHs727VSiVeXRZbpQILE0GVlEVDv4EWGtyjPEK71Hom3SUWgg2%252FynqfI1JHS9RzvbGTtAtTXjcmBfQOKBU%252Ffd5gU%252Bxd0Xtyu0vvkMuRFNQqbOJjerLw8zFW4IQXItK1vqjfEUfsFNt8AiK4GLMrE1kjDUNaVcoDW0MH6p05vA%252F32ija%252Bdqsbr5ZKarNiOwRH9iRddVrNbudmbovyjni2fxbSiBWfYS%252BTPpWGZMEVhk86VRYercHh0JksLh1KXLaXouvy5eBHSTz9QZsmeP5Uyd8EgfTaWYcGPIxe6hsEJr0h3AbsZU4WA85NFt6fsUfvoUsbSyadeqIVIntbtzvt4c3PZi9DhLkgNWp1RNyHI8WZDjJ7SQRiHlguOhigYqagPiZyCzxGGrdyeyxl9BRrVFGYogKZbE72m3skLuZ6a9OVdfZ4y90kZzhC5a8aA7BUpy3yIXj9q4qc2R7jxlbuUb%252BSak412rjjAJKxUjxYJ%252BC5CTL65beWYDs8Ku5M9NfQ5uX8EqMPKMFUWPwynssgxqVEkU%252BKGQZ1HE2X5htqV3Dp8OzhEWA4%253D%7Campid%3APL_CLK%7Cclp%3A2334524,2,16.959600000000002,45.8136,1,16,0,
124.74,-1,https://www.ebay.ca/itm/274893307170?epid=19034802015&hash=item4000eafd22:g:Ds0AAOSwuRxhDI5J,1,26.775,0.0,0,14,64,Gray
195.0,1,https://www.ebay.ca/itm/114913683715?epid=239092905&hash=item1ac163a903:g:nDAAAOSwqQVhBCZ8,1,10.0,0.0,1,14,64,Silver
195.615,3,https://www.ebay.ca/itm/144120509288?hash=item218e407368:g:AqgAAOSw-l9g9va2,1,16.203599999999998,31.4496,1,14,12,
191.0,-1,https://www.ebay.ca/itm/313623100791?epid=239099257&hash=item490564bd77:g:e18AAOSwOyVg~ExM,1,0.0,0.0,0,21,64,Gray
201.6,21,https://www.ebay.ca/itm/224563641087?epid=239054120&hash=item3449093aff:g:eyUAAOSwdLhg7K5X,1,29.043000000000003,32.2686,1,14,64,Gray
180.0,1,https://www.ebay.ca/itm/194177796025?epid=239099257&hash=item2d35e607b9:g:bZQAAOSwlNRgt9FR,1,15.0,0.0,1,14,64,Gray
195.3,8,https://www.ebay.ca/itm/284392229197?epid=239009582&hash=item423719094d:g:u8AAAOSwqClhBdV8,1,22.755599999999998,27.405,0,14,64,Gold
364.14,50,https://www.ebay.ca/itm/294291252976?epid=239068334&hash=item44852026f0:g:i1EAAOSwb9phCFgF,2,19.4166,54.394200000000005,1,16,80,"Gold, Space Gray, (PRODUCT)RED, Silver"
390.537,432,https://www.ebay.ca/itm/401948891983?epid=25037224848&hash=item5d96055b4f:g:FxEAAOSw2rNfWo8o,2,25.187399999999997,0.0,1,19,0,
294.84,3,https://www.ebay.ca/itm/294291249099?epid=25033738705&hash=item44852017cb:g:wpAAAOSwWO5hCFZY,2,18.0936,44.9568,1,16,80,"Gold, Space Gray, (PRODUCT)RED, Silver"
205.99,3,https://www.ebay.ca/itm/264214291685?epid=240377032&hash=item3d846624e5:g:hXEAAOSwF5Ne9f~x,2,0.0,0.0,1,14,0,
259.0,-1,https://www.ebay.ca/itm/114393289420?epid=240531148&hash=item1aa25f12cc:g:CMYAAOSwnMRdI6M3,1,0.0,0.0,1,14,0,Gray/Gold/Red
189.99,32,https://www.ebay.ca/itm/284399288317?epid=238389539&hash=item423784bffd:g:RloAAOSw1BlZSSQN,3,0.0,0.0,1,-1,32,Gray
263.34,4,https://www.ebay.ca/itm/273411818685?epid=239092875&hash=item3fa89d44bd:g:hE4AAOSwQeVbdju8,2,17.136,38.102399999999996,1,16,0,
217.35,-1,https://www.ebay.ca/itm/265252353202?epid=11038156814&hash=item3dc245b4b2:g:2zEAAOSw4HlhCczV,1,0.0,0.0,0,16,25,Black
212.31,-1,https://www.ebay.ca/itm/324740905373?epid=245198734&hash=item4b9c10f99d:g:fCcAAOSwHxJhC3K-,1,21.293999999999997,0.0,0,16,64,Red
214.18740000000003,9,https://www.ebay.ca/itm/384304869225?hash=item597a5aef69:g:ZdkAAOSwZpFhBaHn,1,31.5,33.9948,1,16,64,White
163.78740000000002,59,https://www.ebay.ca/itm/393490756452?epid=240377032&hash=item5b9de07364:g:iK8AAOSwxWphDajn,1,25.792199999999998,27.1278,1,14,64,Gray
320.04,72,https://www.ebay.ca/itm/294291253725?epid=20032643557&hash=item44852029dd:g:LZ0AAOSwzRhhCFg2,2,18.572400000000002,48.3966,1,16,80,"Gold, Space Gray, (PRODUCT)RED, Silver"
149.877,198,https://www.ebay.ca/itm/124546110743?epid=699418371&hash=item1cff86d517:g:JnwAAOSw5VVgEJI6,2,15.3216,25.2252,1,12,0,Black
189.0,1,https://www.ebay.ca/itm/124833917420?epid=19024739548&hash=item1d10ae69ec:g:jZgAAOSwsQlgnaqm,1,28.5516,21.987,0,14,64,Black
-1.0,-1,https://www.ebay.ca/itm/154557087998?hash=item23fc5200fe:g:-RIAAOSwWfhg6faf,3,-1.0,0.0,0,-1,0,
289.7622,73,https://www.ebay.ca/itm/144113272268?epid=21039165430&_trkparms=ispr%3D1&hash=item218dd205cc:g:IS8AAOSwgdVg8vsw&amdata=enc%3AAQAGAAACgPYe5NmHp%252B2JMhMi7yxGiTJkPrKr5t53CooMSQt2orsS9d9gBrkNbRQtRn8MVXnYks%252Be1%252FmzcN9yOGTEFVC5E90KfYsbrMvPluGDUvYU%252BEQLpFCEn7VRWKRobVmVJfDafa2W9gA4zMcoms3SG9STH%252B1rlBqHJdQp9JREBIieODdpE6YMlz74SU7jhQLxgLxxcRafQX4Y4zrVxcTshulWCkx1a%252F71kJn850qj5vuk8FYZRJE0FS%252BgOkjas%252FOavHA%252BK2vY5HKygWtDuOdaJ4xWQlhJFezKssG8a0R2Hn70ajxavNhYgLi%252BGq7Vu2XxfYz74sHPUMTgyleoTO8LRlhSzHdrKE00kuhhTr7hSaJ8cZbEYuGmDKMHO72%252FCYR0dHeVCIh%252Fdt798j5jUMYT9qrF1Fl1K4e%252BoH7m7Dfu6u2NMfONm50%252BH2%252FOZonfL73%252FW57HEQPcDAB1ATiQoxPDPy85aJ9KzIf6bclrEe6lgcB2bHWxQjXArxpn0UaQs5ik10PWClvzenbWSdGO%252BVaVFuYoXd9jrTS119vj23zERAT4PGh4Ebp17BnifKFZGNEJowy1qMqL6%252Bs%252BGTu9zKYovjF07ovWMD%252BB3XeOCeL8gBMtv5eR0fapcZ4JnASAyRnr3KP7XrP1VXD4%252FOoX3cLww7ldrmE1Ac5XgtQEKaRmXsVYbAdQfQYKD1vAk2sQury1G78jRtYL%252F9X2vBlNzV%252FUoi%252Bp5%252FfbU1TvyXIQbSpuLX1Yp8A7LQftxfQPFJOmQggNNCnYgPR4D8QHoQDbHoOyq2ZteMMHX%252B4NpbGFsSh7u8hfVmRbZ9u6zoG2VfCjRTVFD4q3pQNu0EJuPRDiJAavpDokalU%253D%7Campid%3APL_CLK%7Cclp%3A2334524,2,16.0272,39.123000000000005,1,14,64,
-1.0,132,https://www.ebay.ca/itm/174175181427?_trkparms=ispr%3D1&hash=item288da65a73:g:oDsAAOSwsQBfMgs-&amdata=enc%3AAQAGAAACgPYe5NmHp%252B2JMhMi7yxGiTJkPrKr5t53CooMSQt2orsSDAeS9EQtjPGVfKXTxF0%252BjlgFWwpsegTyM18%252BdxY63u2jrotsc3QjMpzu3wF5OCPE1bope9OJuwI2cs2pQfOaRNUWVrp64fXEwkBACZ%252FFrF%252BXE9ZJ4ohj1Ixq4SneS%252FcPRztoJaY7pjAaSkArv7ppawcKoC%252BXS6u8gRdxPsSLr3t%252FwpqbExtQw18Dv699TbWu%252BX%252B73zR5ETWO0%252BE8%252B7xyZy38nM5y%252Ba8HT7PmTOc7RHbTB0IkG0dKo1B7JBxxHseLTNXqixeCxgbXziAYoeSHztoWuS4ImDc7fiPqxgS5m79oyQ2WvE9Cki5YftG1DxruUC0QzVrD9nUA%252BD%252B7HD%252Fho36c5lVyGBnZCYq%252F3ZW3Q0WmwvyCxMVyhTWvnOk2MRdXlSReo65%252Bay7CKfxbeJNBEkmm97zYb4I80q%252BKD%252BF5zGzfJGiE5FPacabK0nMIGz39wqoXYmKdr7n5QWiYOvEIUl%252BmW1pR7Wdw22fNbLRvbzvx%252BvEcbNXpMNJAdamOaI9pMcYlFEjlACIoHmX2whOQdIuvE8RCSh1r%252FMmUt%252BH5CZVdXSEN0O90R5ArL%252BDds1uuwRDEDc6AdvOU48B3zDYl9O0lWVYNyTiyYNjYHZBBgKxcfi0rACwnzCXmu7cF0NuqiYCqjrR61sKjO166HVB29Rs5K8w0HRc6whPcBNIdZDWLhUDx2jXVKFmc630apgMErYMzhqMr7CqM0VR7c06YstdTdXSR0lbMFrnwT7Vni%252Fy6zilbM4e1k8eUaOGTKokkuUFv%252FqlvgRWR2GmGFFrSNg2xORuh8LcznFBI27lvA6Q%253D%7Campid%3APL_CLK%7Cclp%3A2334524,2,-1.0,0.0,1,14,64,
